,all_awardings,allow_live_comments,approved_at_utc,approved_by,archived,author,author_cakeday,author_flair_background_color,author_flair_css_class,author_flair_richtext,author_flair_template_id,author_flair_text,author_flair_text_color,author_flair_type,author_fullname,author_patreon_flair,awarders,banned_at_utc,banned_by,can_gild,can_mod_post,category,clicked,content_categories,contest_mode,created,created_utc,crosspost_parent,crosspost_parent_list,discussion_type,distinguished,domain,downs,edited,gilded,gildings,hidden,hide_score,id,is_crosspostable,is_meta,is_original_content,is_reddit_media_domain,is_robot_indexable,is_self,is_video,likes,link_flair_background_color,link_flair_css_class,link_flair_richtext,link_flair_template_id,link_flair_text,link_flair_text_color,link_flair_type,locked,media,media_embed,media_only,mod_note,mod_reason_by,mod_reason_title,mod_reports,name,no_follow,num_comments,num_crossposts,num_reports,over_18,parent_whitelist_status,permalink,pinned,post_hint,preview,pwls,quarantine,removal_reason,report_reasons,saved,score,secure_media,secure_media_embed,selftext,selftext_html,send_replies,spoiler,steward_reports,stickied,subreddit,subreddit_id,subreddit_name_prefixed,subreddit_subscribers,subreddit_type,suggested_sort,thumbnail,thumbnail_height,thumbnail_width,title,total_awards_received,ups,url,user_reports,view_count,visited,whitelist_status,wls
0,[],False,,,False,AutoModerator,,#d0fffd,,"[{'e': 'text', 't': 'ðŸ¤–'}]",326005ee-9cf2-11e8-8b1f-0e8f9a199476,ðŸ¤–,dark,richtext,t2_6l4z3,False,[],,,False,False,,False,,False,1569502858.0,1569474058.0,,,,moderator,self.boardgames,0,False,0,{},False,False,d9f0oa,False,False,False,False,True,True,False,,#4a4b4a,,"[{'e': 'text', 't': 'Daily Game Recs'}]",01476204-cd40-11e7-a8ba-0e829f432fc8,Daily Game Recs,light,richtext,False,,{},False,,,,[],t3_d9f0oa,True,141,1,,False,all_ads,/r/boardgames/comments/d9f0oa/rboardgames_daily_discussion_and_game/,False,,,6,False,,,False,10,,{},"**Welcome to /r/boardgames Daily Discussion and Game Recommendations**

This is meant to be a place where you can ask any and all questions relating to the board gaming world: general or specific game recommendations, rule clarifications, definitions of terms/acronyms, and other quick questions that might not warrant their own post. 

If you are seeking game recommendations you will get better responses if you give us enough background to help you. You can use [this template](https://www.reddit.com/r/boardgames/wiki/personalized-game-recommendation-template-no-explainer) to do so. [Here](https://www.reddit.com/r/boardgames/wiki/personalized-game-recommendation-template) is a version with explanations of what we're looking for.  

If you reply to any comment that has a game name in **bold** with ""**/u/r2d8 getparentinfo**"", one of our robots will tell you more about the game

Just remember that this is a community full of awesome, helpful people, and feel free to ask your questions whatever they may be. As always, keep it civil and remember what the downvote button is actually for.


Lastly, here are some of the resources available at /r/boardgames:

* If you are new here, be sure to check out our [Community Guidelines](https://www.reddit.com/r/boardgames/wiki/community)
* If you are looking for a game recommendation, make sure to read our [What Should I Get Wiki](https://www.reddit.com/r/boardgames/wiki/wsig)
* If asking people for recommendations is too interactive: [The Automated Recommendations Robot is here for you](https://www.reddit.com/r/boardgames/wiki/wsig#wiki_ask_a_robot_for_a_list_of_recommendations).
* Also take a look at our [Wiki Index](https://www.reddit.com/r/boardgames/wiki/index) for various other resources and information.
* Any questions about game design can be answered here, but also visit /r/tabletopgamedesign
* Any discussions about the subreddit itself should be contained in /r/metaboardgames

*If you use the boardgamerecommender bot in this thread, please reply to the stickied top comment in order to avoid cluttering up the posts.*

Happy gaming!","&lt;!-- SC_OFF --&gt;&lt;div class=""md""&gt;&lt;p&gt;&lt;strong&gt;Welcome to &lt;a href=""/r/boardgames""&gt;/r/boardgames&lt;/a&gt; Daily Discussion and Game Recommendations&lt;/strong&gt;&lt;/p&gt;

&lt;p&gt;This is meant to be a place where you can ask any and all questions relating to the board gaming world: general or specific game recommendations, rule clarifications, definitions of terms/acronyms, and other quick questions that might not warrant their own post. &lt;/p&gt;

&lt;p&gt;If you are seeking game recommendations you will get better responses if you give us enough background to help you. You can use &lt;a href=""https://www.reddit.com/r/boardgames/wiki/personalized-game-recommendation-template-no-explainer""&gt;this template&lt;/a&gt; to do so. &lt;a href=""https://www.reddit.com/r/boardgames/wiki/personalized-game-recommendation-template""&gt;Here&lt;/a&gt; is a version with explanations of what we&amp;#39;re looking for.  &lt;/p&gt;

&lt;p&gt;If you reply to any comment that has a game name in &lt;strong&gt;bold&lt;/strong&gt; with &amp;quot;&lt;strong&gt;&lt;a href=""/u/r2d8""&gt;/u/r2d8&lt;/a&gt; getparentinfo&lt;/strong&gt;&amp;quot;, one of our robots will tell you more about the game&lt;/p&gt;

&lt;p&gt;Just remember that this is a community full of awesome, helpful people, and feel free to ask your questions whatever they may be. As always, keep it civil and remember what the downvote button is actually for.&lt;/p&gt;

&lt;p&gt;Lastly, here are some of the resources available at &lt;a href=""/r/boardgames""&gt;/r/boardgames&lt;/a&gt;:&lt;/p&gt;

&lt;ul&gt;
&lt;li&gt;If you are new here, be sure to check out our &lt;a href=""https://www.reddit.com/r/boardgames/wiki/community""&gt;Community Guidelines&lt;/a&gt;&lt;/li&gt;
&lt;li&gt;If you are looking for a game recommendation, make sure to read our &lt;a href=""https://www.reddit.com/r/boardgames/wiki/wsig""&gt;What Should I Get Wiki&lt;/a&gt;&lt;/li&gt;
&lt;li&gt;If asking people for recommendations is too interactive: &lt;a href=""https://www.reddit.com/r/boardgames/wiki/wsig#wiki_ask_a_robot_for_a_list_of_recommendations""&gt;The Automated Recommendations Robot is here for you&lt;/a&gt;.&lt;/li&gt;
&lt;li&gt;Also take a look at our &lt;a href=""https://www.reddit.com/r/boardgames/wiki/index""&gt;Wiki Index&lt;/a&gt; for various other resources and information.&lt;/li&gt;
&lt;li&gt;Any questions about game design can be answered here, but also visit &lt;a href=""/r/tabletopgamedesign""&gt;/r/tabletopgamedesign&lt;/a&gt;&lt;/li&gt;
&lt;li&gt;Any discussions about the subreddit itself should be contained in &lt;a href=""/r/metaboardgames""&gt;/r/metaboardgames&lt;/a&gt;&lt;/li&gt;
&lt;/ul&gt;

&lt;p&gt;&lt;em&gt;If you use the boardgamerecommender bot in this thread, please reply to the stickied top comment in order to avoid cluttering up the posts.&lt;/em&gt;&lt;/p&gt;

&lt;p&gt;Happy gaming!&lt;/p&gt;
&lt;/div&gt;&lt;!-- SC_ON --&gt;",False,False,[],True,boardgames,t5_2qmjp,r/boardgames,2176128,public,new,self,,,"/r/boardgames Daily Discussion and Game Recommendations (September 26, 2019)",0,10,https://www.reddit.com/r/boardgames/comments/d9f0oa/rboardgames_daily_discussion_and_game/,[],,False,all_ads,6
1,[],False,,,False,LimitlessAdventures,,,,[],,,,text,t2_16nt41,False,[],,,False,False,,False,,False,1569552138.0,1569523338.0,,,,,self.boardgames,0,False,0,{},False,False,d9nvvf,False,False,False,False,True,True,False,,,crowdfunding,"[{'e': 'text', 't': 'Crowdfunding'}]",cb8c5e48-1d10-11e6-baf6-0e4fba3cf49f,Crowdfunding,dark,richtext,False,,{},False,,,,[],t3_d9nvvf,False,50,1,,False,all_ads,/r/boardgames/comments/d9nvvf/psa_if_you_order_something_from_a_kickstarter/,False,,,6,False,,,False,190,,{},"This is not the first time this has happened.

We frequently has 10-15 people who have paid, and then never fill a survey, never respond to emails (from us, mailchimp, OR via kickstarter)... they just vanish.  Or, after a very long time (think 1-2 years) they fill out a survey and are then wonder where their stuff is.

For the love all that is good and crunchy - set a reminder to check back with your kickstarter.. or at least check your spam/promotional folders.

/rant","&lt;!-- SC_OFF --&gt;&lt;div class=""md""&gt;&lt;p&gt;This is not the first time this has happened.&lt;/p&gt;

&lt;p&gt;We frequently has 10-15 people who have paid, and then never fill a survey, never respond to emails (from us, mailchimp, OR via kickstarter)... they just vanish.  Or, after a very long time (think 1-2 years) they fill out a survey and are then wonder where their stuff is.&lt;/p&gt;

&lt;p&gt;For the love all that is good and crunchy - set a reminder to check back with your kickstarter.. or at least check your spam/promotional folders.&lt;/p&gt;

&lt;p&gt;/rant&lt;/p&gt;
&lt;/div&gt;&lt;!-- SC_ON --&gt;",True,False,[],False,boardgames,t5_2qmjp,r/boardgames,2176128,public,,self,,,"PSA: If you order something from a Kickstarter, maybe set a calendar reminder. Today a backer filled their survey TWO YEARS after the survey was available, a full 1.5 years since we shipped the original rewards. (With a number of reminders sent along the way).",0,190,https://www.reddit.com/r/boardgames/comments/d9nvvf/psa_if_you_order_something_from_a_kickstarter/,[],,False,all_ads,6
2,[],True,,,False,BaysideJr,,,,[],,,,text,t2_8acer,False,[],,,False,False,,False,,False,1569528663.0,1569499863.0,,,,,youtu.be,0,False,0,{},False,False,d9irap,False,False,False,False,True,False,False,,,,[],,,dark,text,False,"{'type': 'youtube.com', 'oembed': {'provider_url': 'https://www.youtube.com/', 'version': '1.0', 'title': 'Hands-On with Tilt Five Augmented Reality Tabletop Gaming!', 'type': 'video', 'thumbnail_width': 480, 'height': 338, 'width': 600, 'html': '&lt;iframe width=""600"" height=""338"" src=""https://www.youtube.com/embed/Jse-GwkcYgI?feature=oembed&amp;enablejsapi=1"" frameborder=""0"" allow=""accelerometer; autoplay; encrypted-media; gyroscope; picture-in-picture"" allowfullscreen&gt;&lt;/iframe&gt;', 'author_name': 'Adam Savageâ€™s Tested', 'provider_name': 'YouTube', 'thumbnail_url': 'https://i.ytimg.com/vi/Jse-GwkcYgI/hqdefault.jpg', 'thumbnail_height': 360, 'author_url': 'https://www.youtube.com/user/testedcom'}}","{'content': '&lt;iframe width=""600"" height=""338"" src=""https://www.youtube.com/embed/Jse-GwkcYgI?feature=oembed&amp;enablejsapi=1"" frameborder=""0"" allow=""accelerometer; autoplay; encrypted-media; gyroscope; picture-in-picture"" allowfullscreen&gt;&lt;/iframe&gt;', 'width': 600, 'scrolling': False, 'height': 338}",False,,,,[],t3_d9irap,False,101,0,,False,all_ads,/r/boardgames/comments/d9irap/tilt_five_ar_glasses_for_board_games/,False,rich:video,"{'images': [{'source': {'url': 'https://external-preview.redd.it/p1EnEPYuzRJwO3PCWVjaDeiq0e0bN4n1bh6kX7jdl60.jpg?auto=webp&amp;s=c72dac7efc2889fcc2d871a3e2966b7bacf44e32', 'width': 480, 'height': 360}, 'resolutions': [{'url': 'https://external-preview.redd.it/p1EnEPYuzRJwO3PCWVjaDeiq0e0bN4n1bh6kX7jdl60.jpg?width=108&amp;crop=smart&amp;auto=webp&amp;s=04a907e9361accad15aab28b5c9f85a97bee7725', 'width': 108, 'height': 81}, {'url': 'https://external-preview.redd.it/p1EnEPYuzRJwO3PCWVjaDeiq0e0bN4n1bh6kX7jdl60.jpg?width=216&amp;crop=smart&amp;auto=webp&amp;s=48a70cbe210fff74925e70a8e7d2ee8a7fa7d4ba', 'width': 216, 'height': 162}, {'url': 'https://external-preview.redd.it/p1EnEPYuzRJwO3PCWVjaDeiq0e0bN4n1bh6kX7jdl60.jpg?width=320&amp;crop=smart&amp;auto=webp&amp;s=9adb3fdb04f150e898d15d31e0b7d1ad902649fe', 'width': 320, 'height': 240}], 'variants': {}, 'id': 'WHY3SjDRQMwqkv7HPjF4pAYPkFDFmkrtjswj-L0geuo'}], 'enabled': False}",6,False,,,False,589,"{'type': 'youtube.com', 'oembed': {'provider_url': 'https://www.youtube.com/', 'version': '1.0', 'title': 'Hands-On with Tilt Five Augmented Reality Tabletop Gaming!', 'type': 'video', 'thumbnail_width': 480, 'height': 338, 'width': 600, 'html': '&lt;iframe width=""600"" height=""338"" src=""https://www.youtube.com/embed/Jse-GwkcYgI?feature=oembed&amp;enablejsapi=1"" frameborder=""0"" allow=""accelerometer; autoplay; encrypted-media; gyroscope; picture-in-picture"" allowfullscreen&gt;&lt;/iframe&gt;', 'author_name': 'Adam Savageâ€™s Tested', 'provider_name': 'YouTube', 'thumbnail_url': 'https://i.ytimg.com/vi/Jse-GwkcYgI/hqdefault.jpg', 'thumbnail_height': 360, 'author_url': 'https://www.youtube.com/user/testedcom'}}","{'content': '&lt;iframe width=""600"" height=""338"" src=""https://www.youtube.com/embed/Jse-GwkcYgI?feature=oembed&amp;enablejsapi=1"" frameborder=""0"" allow=""accelerometer; autoplay; encrypted-media; gyroscope; picture-in-picture"" allowfullscreen&gt;&lt;/iframe&gt;', 'width': 600, 'scrolling': False, 'media_domain_url': 'https://www.redditmedia.com/mediaembed/d9irap', 'height': 338}",,,True,False,[],False,boardgames,t5_2qmjp,r/boardgames,2176128,public,,https://b.thumbs.redditmedia.com/GRt32n6tRjiNPQzB4F9gfWIAcNFTX-crCc_DVeAEAxs.jpg,105.0,140.0,Tilt Five AR glasses for board games,0,589,https://youtu.be/Jse-GwkcYgI,[],,False,all_ads,6
3,[],False,,,False,YrNotYrKhakis,,,great-western-trail,"[{'e': 'text', 't': 'Great Western Trail '}, {'a': ':meeple:', 'e': 'emoji', 'u': 'https://emoji.redditmedia.com/gmra0opvj7f11_t5_2qmjp/meeple'}, {'a': ':meeple:', 'e': 'emoji', 'u': 'https://emoji.redditmedia.com/gmra0opvj7f11_t5_2qmjp/meeple'}, {'a': ':meeple:', 'e': 'emoji', 'u': 'https://emoji.redditmedia.com/gmra0opvj7f11_t5_2qmjp/meeple'}]",cd9d516a-18aa-11e7-bfb0-0ed78322c06a,Great Western Trail :meeple::meeple::meeple:,dark,richtext,t2_qj3ya,False,[],,,False,False,,False,,False,1569555735.0,1569526935.0,t3_d9hvzg,"[{'approved_at_utc': None, 'subreddit': 'movies', 'selftext': 'The six main characters from the game (Mr. Green, Colonel Mustard, Professor Plum, Miss Scarlet, Mrs. White and Mrs. Peacock) are all included with accurate outfits.\n\nThe every weapon and every single location is included in the game, along with the entirely accurate plot with the same conflict and premise.\n\nAs for the ending, in the movie there are three endings, with different characters doing the killings with the weapons in different areas, which shows how in the game each ending is unique from the next play-through of the game. \n\nIt takes some liberties with it of course, but the entirety of the game is included in the final product, and it makes a really good movie overall.', 'author_fullname': 't2_xdddjsl', 'saved': False, 'mod_reason_title': None, 'gilded': 0, 'clicked': False, 'title': 'Clue (1985) is possibly the most accurate movie adaptation from its original source.', 'link_flair_richtext': [{'e': 'text', 't': 'Discussion'}], 'subreddit_name_prefixed': 'r/movies', 'hidden': False, 'pwls': 6, 'link_flair_css_class': 'discussion', 'downs': 0, 'thumbnail_height': None, 'hide_score': False, 'name': 't3_d9hvzg', 'quarantine': False, 'link_flair_text_color': 'dark', 'author_flair_background_color': None, 'subreddit_type': 'public', 'ups': 14033, 'total_awards_received': 0, 'media_embed': {}, 'thumbnail_width': None, 'author_flair_template_id': None, 'is_original_content': False, 'user_reports': [], 'secure_media': None, 'is_reddit_media_domain': False, 'is_meta': False, 'category': None, 'secure_media_embed': {}, 'link_flair_text': 'Discussion', 'can_mod_post': False, 'score': 14033, 'approved_by': None, 'thumbnail': 'self', 'edited': False, 'author_flair_css_class': None, 'steward_reports': [], 'author_flair_richtext': [], 'gildings': {}, 'content_categories': None, 'is_self': True, 'mod_note': None, 'created': 1569523451.0, 'link_flair_type': 'richtext', 'wls': 6, 'banned_by': None, 'author_flair_type': 'text', 'domain': 'self.movies', 'allow_live_comments': True, 'selftext_html': '&lt;!-- SC_OFF --&gt;&lt;div class=""md""&gt;&lt;p&gt;The six main characters from the game (Mr. Green, Colonel Mustard, Professor Plum, Miss Scarlet, Mrs. White and Mrs. Peacock) are all included with accurate outfits.&lt;/p&gt;\n\n&lt;p&gt;The every weapon and every single location is included in the game, along with the entirely accurate plot with the same conflict and premise.&lt;/p&gt;\n\n&lt;p&gt;As for the ending, in the movie there are three endings, with different characters doing the killings with the weapons in different areas, which shows how in the game each ending is unique from the next play-through of the game. &lt;/p&gt;\n\n&lt;p&gt;It takes some liberties with it of course, but the entirety of the game is included in the final product, and it makes a really good movie overall.&lt;/p&gt;\n&lt;/div&gt;&lt;!-- SC_ON --&gt;', 'likes': None, 'suggested_sort': None, 'banned_at_utc': None, 'view_count': None, 'archived': False, 'no_follow': False, 'is_crosspostable': False, 'pinned': False, 'over_18': False, 'all_awardings': [], 'awarders': [], 'media_only': False, 'link_flair_template_id': '1e034d84-381e-11e2-9f6c-12313d14a568', 'can_gild': False, 'spoiler': False, 'locked': False, 'author_flair_text': None, 'visited': False, 'num_reports': None, 'distinguished': None, 'subreddit_id': 't5_2qh3s', 'mod_reason_by': None, 'removal_reason': None, 'link_flair_background_color': '', 'id': 'd9hvzg', 'is_robot_indexable': True, 'report_reasons': None, 'author': 'Dyslexicoconut', 'discussion_type': None, 'num_comments': 1081, 'send_replies': True, 'whitelist_status': 'all_ads', 'contest_mode': False, 'mod_reports': [], 'author_patreon_flair': False, 'author_flair_text_color': None, 'permalink': '/r/movies/comments/d9hvzg/clue_1985_is_possibly_the_most_accurate_movie/', 'parent_whitelist_status': 'all_ads', 'stickied': False, 'url': 'https://www.reddit.com/r/movies/comments/d9hvzg/clue_1985_is_possibly_the_most_accurate_movie/', 'subreddit_subscribers': 21517538, 'created_utc': 1569494651.0, 'num_crossposts': 1, 'media': None, 'is_video': False}]",,,self.movies,0,False,0,{},False,False,d9op48,False,False,False,False,True,False,False,,,,[],,,dark,text,False,,{},False,,,,[],t3_d9op48,False,13,0,,False,all_ads,/r/boardgames/comments/d9op48/clue_1985_is_possibly_the_most_accurate_movie/,False,,,6,False,,,False,31,,{},,,True,False,[],False,boardgames,t5_2qmjp,r/boardgames,2176128,public,,default,,,Clue (1985) is possibly the most accurate movie adaptation from its original source.,0,31,https://www.reddit.com/r/movies/comments/d9hvzg/clue_1985_is_possibly_the_most_accurate_movie/,[],,False,all_ads,6
4,[],False,,,False,Rock-Paper-Cynic,,,,[],,,,text,t2_abo5h,False,[],,,False,False,,False,,False,1569535634.0,1569506834.0,,,,,self.boardgames,0,False,0,{},False,False,d9k43s,False,False,False,False,True,True,False,,,,[],,,dark,text,False,,{},False,,,,[],t3_d9k43s,False,96,0,,False,all_ads,/r/boardgames/comments/d9k43s/what_aspects_of_a_game_let_you_enjoy_losing/,False,,,6,False,,,False,48,,{},"I'm really interested in games that are fun to lose--both cooperative and competitive--and I'm trying to figure out which features make losing an enjoyable experience.

My favourite loss was in the Jaws board game, which I tried with friends last month. The game gave me a lot to do (shark attack powers, special maneuvers, etc.) and a lot of external progress markers (eating swimmers, devouring the boat, etc.) even though I didn't win. 

Other game features I've enjoyed even when losing are:

* Neck-and-neck finishes
* Meaningful turns choices that feel good, even when I'm behind (for example, pulling a sneaky turn in Citadels)
* Having something to show for my efforts at the end of the game (for example, having a badass city in 7 Wonders)

What features of a game help you enjoy losing?","&lt;!-- SC_OFF --&gt;&lt;div class=""md""&gt;&lt;p&gt;I&amp;#39;m really interested in games that are fun to lose--both cooperative and competitive--and I&amp;#39;m trying to figure out which features make losing an enjoyable experience.&lt;/p&gt;

&lt;p&gt;My favourite loss was in the Jaws board game, which I tried with friends last month. The game gave me a lot to do (shark attack powers, special maneuvers, etc.) and a lot of external progress markers (eating swimmers, devouring the boat, etc.) even though I didn&amp;#39;t win. &lt;/p&gt;

&lt;p&gt;Other game features I&amp;#39;ve enjoyed even when losing are:&lt;/p&gt;

&lt;ul&gt;
&lt;li&gt;Neck-and-neck finishes&lt;/li&gt;
&lt;li&gt;Meaningful turns choices that feel good, even when I&amp;#39;m behind (for example, pulling a sneaky turn in Citadels)&lt;/li&gt;
&lt;li&gt;Having something to show for my efforts at the end of the game (for example, having a badass city in 7 Wonders)&lt;/li&gt;
&lt;/ul&gt;

&lt;p&gt;What features of a game help you enjoy losing?&lt;/p&gt;
&lt;/div&gt;&lt;!-- SC_ON --&gt;",True,False,[],False,boardgames,t5_2qmjp,r/boardgames,2176128,public,,self,,,What aspects of a game let you enjoy losing?,0,48,https://www.reddit.com/r/boardgames/comments/d9k43s/what_aspects_of_a_game_let_you_enjoy_losing/,[],,False,all_ads,6
5,[],True,,,False,LetThemEatCardboard,,,custom,"[{'e': 'text', 't': '@letthemeatcardboard'}]",ef809fb6-18ab-11e7-9e69-0e5a4f06ecbe,@letthemeatcardboard,dark,richtext,t2_31imf9cw,False,[],,,False,False,,False,,False,1569475486.0,1569446686.0,,,,,self.boardgames,0,1569517750.0,0,{},False,False,d99tsl,False,False,False,False,True,True,False,,,,[],,,dark,text,False,,{},False,,,,[],t3_d99tsl,False,404,0,,False,all_ads,/r/boardgames/comments/d99tsl/cmons_new_kickstarter_has_a_whole_new_way_to/,False,,,6,False,,,False,663,,{},"The new kickstarter from CMON is their ""Time Machine"" campaign, letting you get full pledges for three of their big games (Hate, Zombicide, and Rising Sun), but the big draw was the $1 pledge for access to their ""Vault"", letting people add on hard to get exclusives and expansions for older games via the pledge manager. 

The problem however, is that the pledge manager is going to be locked for 48 hours and only the big pledges will have access to these ""extremely limited"" items. Said items will have a 5/item limit, essentially making a $240+ pay wall to guarantee getting these and letting the scalpers snatch up everything before any vault only pledges get access. The items also have no indication of price or quantities available, further urging people to pledge blindly and hope.

I was eager to get the Dogs of War content but now I'm back to ignoring CMON entirely.

EDIT: They have allowed full access to previous game pledges now, appeasing some of the complaints.","&lt;!-- SC_OFF --&gt;&lt;div class=""md""&gt;&lt;p&gt;The new kickstarter from CMON is their &amp;quot;Time Machine&amp;quot; campaign, letting you get full pledges for three of their big games (Hate, Zombicide, and Rising Sun), but the big draw was the $1 pledge for access to their &amp;quot;Vault&amp;quot;, letting people add on hard to get exclusives and expansions for older games via the pledge manager. &lt;/p&gt;

&lt;p&gt;The problem however, is that the pledge manager is going to be locked for 48 hours and only the big pledges will have access to these &amp;quot;extremely limited&amp;quot; items. Said items will have a 5/item limit, essentially making a $240+ pay wall to guarantee getting these and letting the scalpers snatch up everything before any vault only pledges get access. The items also have no indication of price or quantities available, further urging people to pledge blindly and hope.&lt;/p&gt;

&lt;p&gt;I was eager to get the Dogs of War content but now I&amp;#39;m back to ignoring CMON entirely.&lt;/p&gt;

&lt;p&gt;EDIT: They have allowed full access to previous game pledges now, appeasing some of the complaints.&lt;/p&gt;
&lt;/div&gt;&lt;!-- SC_ON --&gt;",True,False,[],False,boardgames,t5_2qmjp,r/boardgames,2176128,public,,self,,,CMON's new kickstarter has a whole new way to exploit backers and FOMO,0,663,https://www.reddit.com/r/boardgames/comments/d99tsl/cmons_new_kickstarter_has_a_whole_new_way_to/,[],,False,all_ads,6
6,[],False,,,False,Anon125,,,18xx,"[{'e': 'text', 't': '18xx'}]",e625c966-18a9-11e7-b8cc-0ec57a8578b8,18xx,dark,richtext,t2_66iqc,False,[],,,False,False,,False,,False,1569537404.0,1569508604.0,t3_d9jxbq,"[{'approved_at_utc': None, 'subreddit': '18XX', 'selftext': '', 'author_fullname': 't2_fh579', 'saved': False, 'mod_reason_title': None, 'gilded': 0, 'clicked': False, 'title': 'All-Aboard Games Mass Manufacturing Interest Poll', 'link_flair_richtext': [], 'subreddit_name_prefixed': 'r/18XX', 'hidden': False, 'pwls': None, 'link_flair_css_class': None, 'downs': 0, 'thumbnail_height': 137, 'hide_score': False, 'name': 't3_d9jxbq', 'quarantine': False, 'link_flair_text_color': 'dark', 'author_flair_background_color': None, 'subreddit_type': 'public', 'ups': 12, 'total_awards_received': 0, 'media_embed': {}, 'thumbnail_width': 140, 'author_flair_template_id': None, 'is_original_content': False, 'user_reports': [], 'secure_media': None, 'is_reddit_media_domain': False, 'is_meta': False, 'category': None, 'secure_media_embed': {}, 'link_flair_text': None, 'can_mod_post': False, 'score': 12, 'approved_by': None, 'thumbnail': 'https://b.thumbs.redditmedia.com/7bgCD6wPcGvSr7wqdPHRjg64Qfoj1DOyUtEyYORDOIE.jpg', 'edited': False, 'author_flair_css_class': None, 'steward_reports': [], 'author_flair_richtext': [], 'gildings': {}, 'post_hint': 'link', 'content_categories': None, 'is_self': False, 'mod_note': None, 'created': 1569534722.0, 'link_flair_type': 'text', 'wls': None, 'banned_by': None, 'author_flair_type': 'text', 'domain': 'boardgamegeek.com', 'allow_live_comments': False, 'selftext_html': None, 'likes': None, 'suggested_sort': None, 'banned_at_utc': None, 'view_count': None, 'archived': False, 'no_follow': False, 'is_crosspostable': False, 'pinned': False, 'over_18': False, 'preview': {'images': [{'source': {'url': 'https://external-preview.redd.it/hL4Ezz8G630NfdRZCr3S1Gqq4rFKytqTPUo3ePpH5Ng.jpg?auto=webp&amp;s=afbd19cf856fd8916033ffe74d99f428278e3c2c', 'width': 445, 'height': 438}, 'resolutions': [{'url': 'https://external-preview.redd.it/hL4Ezz8G630NfdRZCr3S1Gqq4rFKytqTPUo3ePpH5Ng.jpg?width=108&amp;crop=smart&amp;auto=webp&amp;s=3c0fd98151318ebcdbabb3742bdfc25f23eb21c5', 'width': 108, 'height': 106}, {'url': 'https://external-preview.redd.it/hL4Ezz8G630NfdRZCr3S1Gqq4rFKytqTPUo3ePpH5Ng.jpg?width=216&amp;crop=smart&amp;auto=webp&amp;s=b18d444010f408324946946c9c875569edd65d8f', 'width': 216, 'height': 212}, {'url': 'https://external-preview.redd.it/hL4Ezz8G630NfdRZCr3S1Gqq4rFKytqTPUo3ePpH5Ng.jpg?width=320&amp;crop=smart&amp;auto=webp&amp;s=620f5643a00a0c6bd35894d1d285bb974993e394', 'width': 320, 'height': 314}], 'variants': {}, 'id': 'A660wOvJQ5LhVsP9fScng4Q3fV6v-wuL_PLxCmdM8S8'}], 'enabled': False}, 'all_awardings': [], 'awarders': [], 'media_only': False, 'can_gild': False, 'spoiler': False, 'locked': False, 'author_flair_text': None, 'visited': False, 'num_reports': None, 'distinguished': None, 'subreddit_id': 't5_2v9tz', 'mod_reason_by': None, 'removal_reason': None, 'link_flair_background_color': '', 'id': 'd9jxbq', 'is_robot_indexable': True, 'report_reasons': None, 'author': 'AlejandroMP', 'discussion_type': None, 'num_comments': 12, 'send_replies': True, 'whitelist_status': None, 'contest_mode': False, 'mod_reports': [], 'author_patreon_flair': False, 'author_flair_text_color': None, 'permalink': '/r/18XX/comments/d9jxbq/allaboard_games_mass_manufacturing_interest_poll/', 'parent_whitelist_status': None, 'stickied': False, 'url': 'https://boardgamegeek.com/thread/2282464/all-aboard-games-mass-manufacturing-interest-poll', 'subreddit_subscribers': 824, 'created_utc': 1569505922.0, 'num_crossposts': 1, 'media': None, 'is_video': False}]",,,boardgamegeek.com,0,False,0,{},False,False,d9khxs,False,False,False,False,True,False,False,,,,[],,,dark,text,False,,{},False,,,,[],t3_d9khxs,False,12,0,,False,all_ads,/r/boardgames/comments/d9khxs/allaboard_games_mass_manufacturing_interest_poll/,False,link,"{'images': [{'source': {'url': 'https://external-preview.redd.it/hL4Ezz8G630NfdRZCr3S1Gqq4rFKytqTPUo3ePpH5Ng.jpg?auto=webp&amp;s=afbd19cf856fd8916033ffe74d99f428278e3c2c', 'width': 445, 'height': 438}, 'resolutions': [{'url': 'https://external-preview.redd.it/hL4Ezz8G630NfdRZCr3S1Gqq4rFKytqTPUo3ePpH5Ng.jpg?width=108&amp;crop=smart&amp;auto=webp&amp;s=3c0fd98151318ebcdbabb3742bdfc25f23eb21c5', 'width': 108, 'height': 106}, {'url': 'https://external-preview.redd.it/hL4Ezz8G630NfdRZCr3S1Gqq4rFKytqTPUo3ePpH5Ng.jpg?width=216&amp;crop=smart&amp;auto=webp&amp;s=b18d444010f408324946946c9c875569edd65d8f', 'width': 216, 'height': 212}, {'url': 'https://external-preview.redd.it/hL4Ezz8G630NfdRZCr3S1Gqq4rFKytqTPUo3ePpH5Ng.jpg?width=320&amp;crop=smart&amp;auto=webp&amp;s=620f5643a00a0c6bd35894d1d285bb974993e394', 'width': 320, 'height': 314}], 'variants': {}, 'id': 'A660wOvJQ5LhVsP9fScng4Q3fV6v-wuL_PLxCmdM8S8'}], 'enabled': False}",6,False,,,False,31,,{},,,True,False,[],False,boardgames,t5_2qmjp,r/boardgames,2176128,public,,https://b.thumbs.redditmedia.com/7bgCD6wPcGvSr7wqdPHRjg64Qfoj1DOyUtEyYORDOIE.jpg,137.0,140.0,All-Aboard Games Mass Manufacturing Interest Poll,0,31,https://boardgamegeek.com/thread/2282464/all-aboard-games-mass-manufacturing-interest-poll,[],,False,all_ads,6
7,[],False,,,False,lapekenyakei,True,,,[],,,,text,t2_f3fw7g5,False,[],,,False,False,,False,,False,1569509127.0,1569480327.0,,,,,self.boardgames,0,False,0,{},False,False,d9fy5a,False,False,False,False,True,True,False,,,,[],,,dark,text,False,,{},False,,,,[],t3_d9fy5a,False,87,0,,False,all_ads,/r/boardgames/comments/d9fy5a/not_playing_with_someone_at_a_lgs_game_night/,False,,,6,False,,,False,77,,{},"Is it reasonable to state ""I'm not gaming with you"" at a public game night if the person is just not fun to play with?

He always, with everybody, :

1. Whines when he doesn't win

2. Talks over people

3. Gets really mad, and needs to be calmed down, when luck elements don't go his way

4. Tries to sell us games at a store

5.  Doesn't understand game rules well. 

With me: 

1.  He is over familiar.  Not creepy, just joking and teasing in ways innapropriate for a near stranger.  

2. I arrived early.  He wanted to play something.  I told him: ""not right now I need to send some emails"",which was the truth. He proceeds to start setting up a game at my table.  I had to tell him that three times more before he left.  He whined then.

We've tried being direct with him on multiple occasions. I'm frankly not sure that he understands.

We tried minimally engaging with him.  

Most of us tried the ""Quick! Organize a game/ games while he's getting dinner!"" approach.  ( one tender-hearted person is not on board)

The decent person in me wants to accomodate him.  He's not violent and hasn't done anything grossly horrible.  And, like I said, I'm not sure that he understands how annoying his behaviors are.

But I just want a fun experience at a social event. Otherwise, why am I going?  If I wanted to be annoyed and not have fun, I would stay late at work or do chores.  At least I'd be doing something productive while being annoyed

Suggestions?  The group is small, usually only one or two tables. 

 (Please don't suggest talking to management. That's going to be useless.  He has tolerated far worse issues in years past.  )","&lt;!-- SC_OFF --&gt;&lt;div class=""md""&gt;&lt;p&gt;Is it reasonable to state &amp;quot;I&amp;#39;m not gaming with you&amp;quot; at a public game night if the person is just not fun to play with?&lt;/p&gt;

&lt;p&gt;He always, with everybody, :&lt;/p&gt;

&lt;ol&gt;
&lt;li&gt;&lt;p&gt;Whines when he doesn&amp;#39;t win&lt;/p&gt;&lt;/li&gt;
&lt;li&gt;&lt;p&gt;Talks over people&lt;/p&gt;&lt;/li&gt;
&lt;li&gt;&lt;p&gt;Gets really mad, and needs to be calmed down, when luck elements don&amp;#39;t go his way&lt;/p&gt;&lt;/li&gt;
&lt;li&gt;&lt;p&gt;Tries to sell us games at a store&lt;/p&gt;&lt;/li&gt;
&lt;li&gt;&lt;p&gt;Doesn&amp;#39;t understand game rules well. &lt;/p&gt;&lt;/li&gt;
&lt;/ol&gt;

&lt;p&gt;With me: &lt;/p&gt;

&lt;ol&gt;
&lt;li&gt;&lt;p&gt;He is over familiar.  Not creepy, just joking and teasing in ways innapropriate for a near stranger.  &lt;/p&gt;&lt;/li&gt;
&lt;li&gt;&lt;p&gt;I arrived early.  He wanted to play something.  I told him: &amp;quot;not right now I need to send some emails&amp;quot;,which was the truth. He proceeds to start setting up a game at my table.  I had to tell him that three times more before he left.  He whined then.&lt;/p&gt;&lt;/li&gt;
&lt;/ol&gt;

&lt;p&gt;We&amp;#39;ve tried being direct with him on multiple occasions. I&amp;#39;m frankly not sure that he understands.&lt;/p&gt;

&lt;p&gt;We tried minimally engaging with him.  &lt;/p&gt;

&lt;p&gt;Most of us tried the &amp;quot;Quick! Organize a game/ games while he&amp;#39;s getting dinner!&amp;quot; approach.  ( one tender-hearted person is not on board)&lt;/p&gt;

&lt;p&gt;The decent person in me wants to accomodate him.  He&amp;#39;s not violent and hasn&amp;#39;t done anything grossly horrible.  And, like I said, I&amp;#39;m not sure that he understands how annoying his behaviors are.&lt;/p&gt;

&lt;p&gt;But I just want a fun experience at a social event. Otherwise, why am I going?  If I wanted to be annoyed and not have fun, I would stay late at work or do chores.  At least I&amp;#39;d be doing something productive while being annoyed&lt;/p&gt;

&lt;p&gt;Suggestions?  The group is small, usually only one or two tables. &lt;/p&gt;

&lt;p&gt;(Please don&amp;#39;t suggest talking to management. That&amp;#39;s going to be useless.  He has tolerated far worse issues in years past.  )&lt;/p&gt;
&lt;/div&gt;&lt;!-- SC_ON --&gt;",True,False,[],False,boardgames,t5_2qmjp,r/boardgames,2176128,public,,self,,,Not playing with someone at a LGS game night.,0,77,https://www.reddit.com/r/boardgames/comments/d9fy5a/not_playing_with_someone_at_a_lgs_game_night/,[],,False,all_ads,6
8,[],False,,,False,DanielCherney,,,,[],,,,text,t2_4fmi95q8,False,[],,,False,False,,False,,False,1569552899.0,1569524099.0,,,,,self.boardgames,0,False,0,{},False,False,d9o2gh,False,False,False,False,True,True,False,,,,[],,,dark,text,False,,{},False,,,,[],t3_d9o2gh,False,7,0,,False,all_ads,/r/boardgames/comments/d9o2gh/quacks_of_quedlinburg_bits_are_back_in_stock_on/,False,self,"{'images': [{'source': {'url': 'https://external-preview.redd.it/rfEu6gDYlU0QO4piUgKL2JvlG4gvFKYXFDMpHwiGaoY.jpg?auto=webp&amp;s=a91b909a55c2b4b6d3eb7a23d3227a8d467b5bac', 'width': 1024, 'height': 1024}, 'resolutions': [{'url': 'https://external-preview.redd.it/rfEu6gDYlU0QO4piUgKL2JvlG4gvFKYXFDMpHwiGaoY.jpg?width=108&amp;crop=smart&amp;auto=webp&amp;s=3db3a2394acf5f4002b9d68840e44bb09e8ba4ae', 'width': 108, 'height': 108}, {'url': 'https://external-preview.redd.it/rfEu6gDYlU0QO4piUgKL2JvlG4gvFKYXFDMpHwiGaoY.jpg?width=216&amp;crop=smart&amp;auto=webp&amp;s=555fcb5c92aa0a5b95cedefbf5a69cec02c8bd54', 'width': 216, 'height': 216}, {'url': 'https://external-preview.redd.it/rfEu6gDYlU0QO4piUgKL2JvlG4gvFKYXFDMpHwiGaoY.jpg?width=320&amp;crop=smart&amp;auto=webp&amp;s=1d9526dba4392c8d861f118bd7bff26bddeeb782', 'width': 320, 'height': 320}, {'url': 'https://external-preview.redd.it/rfEu6gDYlU0QO4piUgKL2JvlG4gvFKYXFDMpHwiGaoY.jpg?width=640&amp;crop=smart&amp;auto=webp&amp;s=0c6a03b039c3b83ac5592ebb74b475275e91c3ac', 'width': 640, 'height': 640}, {'url': 'https://external-preview.redd.it/rfEu6gDYlU0QO4piUgKL2JvlG4gvFKYXFDMpHwiGaoY.jpg?width=960&amp;crop=smart&amp;auto=webp&amp;s=ba427278e5fcd028c8e8a0b1ca86a911b0bab960', 'width': 960, 'height': 960}], 'variants': {}, 'id': 'gZi-sDEXp80dzVlC5d60dp_iSwZGWanrK65s0hZ_jdk'}], 'enabled': False}",6,False,,,False,8,,{},"Quacks Base Set: https://boardgamegeekstore.com/collections/frontpage/products/geekup-bit-set-quacks-of-quedlinburg

Expansion Set: https://boardgamegeekstore.com/collections/frontpage/products/geekup-bit-set-quacks-of-quedlinburg-herb-witches-expansion","&lt;!-- SC_OFF --&gt;&lt;div class=""md""&gt;&lt;p&gt;Quacks Base Set: &lt;a href=""https://boardgamegeekstore.com/collections/frontpage/products/geekup-bit-set-quacks-of-quedlinburg""&gt;https://boardgamegeekstore.com/collections/frontpage/products/geekup-bit-set-quacks-of-quedlinburg&lt;/a&gt;&lt;/p&gt;

&lt;p&gt;Expansion Set: &lt;a href=""https://boardgamegeekstore.com/collections/frontpage/products/geekup-bit-set-quacks-of-quedlinburg-herb-witches-expansion""&gt;https://boardgamegeekstore.com/collections/frontpage/products/geekup-bit-set-quacks-of-quedlinburg-herb-witches-expansion&lt;/a&gt;&lt;/p&gt;
&lt;/div&gt;&lt;!-- SC_ON --&gt;",True,False,[],False,boardgames,t5_2qmjp,r/boardgames,2176128,public,,self,,,Quacks of Quedlinburg bits are back in stock on BGG Store!,0,8,https://www.reddit.com/r/boardgames/comments/d9o2gh/quacks_of_quedlinburg_bits_are_back_in_stock_on/,[],,False,all_ads,6
9,[],False,,,False,AshgarPN,,,star-wars-rebellion,"[{'e': 'text', 't': 'Star Wars Rebellion'}]",a77bb62e-18ab-11e7-bd5b-0e2e3d10e740,Star Wars Rebellion,dark,richtext,t2_iotma,False,[],,,False,False,,False,,False,1569552873.0,1569524073.0,,,,,self.boardgames,0,False,0,{},False,False,d9o298,False,False,False,False,True,True,False,,,,[],,,dark,text,False,,{},False,,,,[],t3_d9o298,False,11,0,,False,all_ads,/r/boardgames/comments/d9o298/asmodee_digital_titles_on_sale_on_steam/,False,,,6,False,,,False,6,,{},Some up to 75% off.,"&lt;!-- SC_OFF --&gt;&lt;div class=""md""&gt;&lt;p&gt;Some up to 75% off.&lt;/p&gt;
&lt;/div&gt;&lt;!-- SC_ON --&gt;",True,False,[],False,boardgames,t5_2qmjp,r/boardgames,2176128,public,,self,,,Asmodee digital titles on sale on Steam,0,6,https://www.reddit.com/r/boardgames/comments/d9o298/asmodee_digital_titles_on_sale_on_steam/,[],,False,all_ads,6
10,[],False,,,False,jsharples666,,,,[],,,,text,t2_12cv6p,False,[],,,False,False,,False,,False,1569526284.0,1569497484.0,,,,,self.boardgames,0,False,0,{},False,False,d9icfb,False,False,False,False,True,True,False,,,,[],,,dark,text,False,,{},False,,,,[],t3_d9icfb,False,12,0,,False,all_ads,/r/boardgames/comments/d9icfb/board_game_reality_podcast/,False,,,6,False,,,False,26,,{},Sorry to hear you guys are going.  Will miss your great content.,"&lt;!-- SC_OFF --&gt;&lt;div class=""md""&gt;&lt;p&gt;Sorry to hear you guys are going.  Will miss your great content.&lt;/p&gt;
&lt;/div&gt;&lt;!-- SC_ON --&gt;",False,False,[],False,boardgames,t5_2qmjp,r/boardgames,2176128,public,,self,,,Board Game Reality podcast,0,26,https://www.reddit.com/r/boardgames/comments/d9icfb/board_game_reality_podcast/,[],,False,all_ads,6
11,[],False,,,False,MuzzaBzzuzza,,,,[],,,,text,t2_10u6f1,False,[],,,False,False,,False,,False,1569533097.0,1569504297.0,,,,,self.boardgames,0,1569511432.0,0,{},False,False,d9jlyy,False,False,False,False,True,True,False,,#edeff1,,"[{'e': 'text', 't': 'Question'}]",ce696ba0-b792-11e8-9508-0ed1a4fbdca2,Question,dark,richtext,False,,{},False,,,,[],t3_d9jlyy,False,17,0,,False,all_ads,/r/boardgames/comments/d9jlyy/token_edgecolouring_advice_needed/,False,self,"{'images': [{'source': {'url': 'https://external-preview.redd.it/AX04NdtUPN0SSnWwck7dX2kA9rVeNfKVeVyYXGjlF3A.jpg?auto=webp&amp;s=edde41584991d40c2485df992a8b83c7cccb4a80', 'width': 849, 'height': 608}, 'resolutions': [{'url': 'https://external-preview.redd.it/AX04NdtUPN0SSnWwck7dX2kA9rVeNfKVeVyYXGjlF3A.jpg?width=108&amp;crop=smart&amp;auto=webp&amp;s=a1086666a146e08d4d96f074f8cb79c7945373fb', 'width': 108, 'height': 77}, {'url': 'https://external-preview.redd.it/AX04NdtUPN0SSnWwck7dX2kA9rVeNfKVeVyYXGjlF3A.jpg?width=216&amp;crop=smart&amp;auto=webp&amp;s=b027e2e224d273711a638a5f8d13d9a8fe75a9dd', 'width': 216, 'height': 154}, {'url': 'https://external-preview.redd.it/AX04NdtUPN0SSnWwck7dX2kA9rVeNfKVeVyYXGjlF3A.jpg?width=320&amp;crop=smart&amp;auto=webp&amp;s=0185bf23e67d216871c0c66ccb5340955f819275', 'width': 320, 'height': 229}, {'url': 'https://external-preview.redd.it/AX04NdtUPN0SSnWwck7dX2kA9rVeNfKVeVyYXGjlF3A.jpg?width=640&amp;crop=smart&amp;auto=webp&amp;s=20cdda3246a749389090f05d87a8650c906419f3', 'width': 640, 'height': 458}], 'variants': {}, 'id': '7sVsP0jty3DbShfMAYYB7unsxK8hb3eb8TZuqVkdd6k'}], 'enabled': False}",6,False,,,False,14,,{},"Dear r/boardgames hivemind

After seeing other users post the results of this geekiest of endeavours, I recently got into using paint markers to colour the exposed edges of cardboard components in my games.  Turns out joining this sub gave me even more time consuming OCD crap to do, after stupidly assuming I was done with that when I sleeved and storage-solutioned (it's totally a verb) all of my games.

Yesterday evening I introduced some new players to **Caverna**.  At the end of the game, one of them pointed to a twin field/meadow tile and said, ""what colour are you going to do the edges of **that**?"".  The fiend.

Gotta admit, he stumped me.  Half the tile is brown fields, half is green meadows.

After initially balking at the idea (having previously only edged in a single colour per tile), I figured given the scale I could probably get away with half-and-half... but I'm not 100% convinced, have forgotten the username of the guy who first posted on this topic (the first post I read about it at any rate), and was hoping someone might have first-hand experience.

Level 2 of this question is that some of the tiles even *have different coloured things on different sides and can be played either side up*.  What is this I don't even.

TIA

**EDIT:** added album to help visualise what I'm talking about [here](https://imgur.com/a/ck0lMxP).","&lt;!-- SC_OFF --&gt;&lt;div class=""md""&gt;&lt;p&gt;Dear &lt;a href=""/r/boardgames""&gt;r/boardgames&lt;/a&gt; hivemind&lt;/p&gt;

&lt;p&gt;After seeing other users post the results of this geekiest of endeavours, I recently got into using paint markers to colour the exposed edges of cardboard components in my games.  Turns out joining this sub gave me even more time consuming OCD crap to do, after stupidly assuming I was done with that when I sleeved and storage-solutioned (it&amp;#39;s totally a verb) all of my games.&lt;/p&gt;

&lt;p&gt;Yesterday evening I introduced some new players to &lt;strong&gt;Caverna&lt;/strong&gt;.  At the end of the game, one of them pointed to a twin field/meadow tile and said, &amp;quot;what colour are you going to do the edges of &lt;strong&gt;that&lt;/strong&gt;?&amp;quot;.  The fiend.&lt;/p&gt;

&lt;p&gt;Gotta admit, he stumped me.  Half the tile is brown fields, half is green meadows.&lt;/p&gt;

&lt;p&gt;After initially balking at the idea (having previously only edged in a single colour per tile), I figured given the scale I could probably get away with half-and-half... but I&amp;#39;m not 100% convinced, have forgotten the username of the guy who first posted on this topic (the first post I read about it at any rate), and was hoping someone might have first-hand experience.&lt;/p&gt;

&lt;p&gt;Level 2 of this question is that some of the tiles even &lt;em&gt;have different coloured things on different sides and can be played either side up&lt;/em&gt;.  What is this I don&amp;#39;t even.&lt;/p&gt;

&lt;p&gt;TIA&lt;/p&gt;

&lt;p&gt;&lt;strong&gt;EDIT:&lt;/strong&gt; added album to help visualise what I&amp;#39;m talking about &lt;a href=""https://imgur.com/a/ck0lMxP""&gt;here&lt;/a&gt;.&lt;/p&gt;
&lt;/div&gt;&lt;!-- SC_ON --&gt;",True,False,[],False,boardgames,t5_2qmjp,r/boardgames,2176128,public,,self,,,Token edge-colouring advice needed,0,14,https://www.reddit.com/r/boardgames/comments/d9jlyy/token_edgecolouring_advice_needed/,[],,False,all_ads,6
12,[],False,,,False,FBI-doggo,,,,[],,,,text,t2_44gwfbt8,False,[],,,False,False,,False,,False,1569535511.0,1569506711.0,,,,,self.boardgames,0,False,0,{},False,False,d9k34v,False,False,False,False,True,True,False,,#edeff1,,"[{'e': 'text', 't': 'Question'}]",ce696ba0-b792-11e8-9508-0ed1a4fbdca2,Question,dark,richtext,False,,{},False,,,,[],t3_d9k34v,False,31,0,,False,all_ads,/r/boardgames/comments/d9k34v/what_do_you_think_about_the_watergate_board_game/,False,,,6,False,,,False,13,,{},"So I was looking to buy the watergate game because it seems fun and has a relatively short run time.  The whole thing is based on real-life events so there is a small learning component to it which is pretty cool. If you've played this game before, would you recommend it?  Does it get boring/predictable after a while?  


Thank you, much appreciated!","&lt;!-- SC_OFF --&gt;&lt;div class=""md""&gt;&lt;p&gt;So I was looking to buy the watergate game because it seems fun and has a relatively short run time.  The whole thing is based on real-life events so there is a small learning component to it which is pretty cool. If you&amp;#39;ve played this game before, would you recommend it?  Does it get boring/predictable after a while?  &lt;/p&gt;

&lt;p&gt;Thank you, much appreciated!&lt;/p&gt;
&lt;/div&gt;&lt;!-- SC_ON --&gt;",True,False,[],False,boardgames,t5_2qmjp,r/boardgames,2176128,public,,self,,,What do you think about the Watergate board game?,0,13,https://www.reddit.com/r/boardgames/comments/d9k34v/what_do_you_think_about_the_watergate_board_game/,[],,False,all_ads,6
13,[],False,,,False,knave_of_knives,,,,[],,,,text,t2_yvzyh,False,[],,,False,False,,False,,False,1569534634.0,1569505834.0,,,,,self.boardgames,0,False,0,{},False,False,d9jwol,False,False,False,False,True,True,False,,,,[],,,dark,text,False,,{},False,,,,[],t3_d9jwol,False,33,0,,False,all_ads,/r/boardgames/comments/d9jwol/has_anyone_tried_a_boardgame_rental_service/,False,,,6,False,,,False,10,,{},"I was doing some investigating into boardgame exchanges (much like /r/BoardGameExchange, but in a store-form) and came across [this](https://boardgameexchange.com/) website (coincidentally named BoardGameExchange). 

Apparently the service is a boardgame rental service where you pay for a monthly subscription, choose the games you want, receive the games in the mail, then ship them back for more (a Netflix for boardgames, if you will). 

My question is, has anyone tried this? It seems like an awesome idea but I could easily see how a) the games that are highly sought after are always out of stock, b) the games that are in stock have missing/damaged pieces, or c) if the service overall is even worth it.","&lt;!-- SC_OFF --&gt;&lt;div class=""md""&gt;&lt;p&gt;I was doing some investigating into boardgame exchanges (much like &lt;a href=""/r/BoardGameExchange""&gt;/r/BoardGameExchange&lt;/a&gt;, but in a store-form) and came across &lt;a href=""https://boardgameexchange.com/""&gt;this&lt;/a&gt; website (coincidentally named BoardGameExchange). &lt;/p&gt;

&lt;p&gt;Apparently the service is a boardgame rental service where you pay for a monthly subscription, choose the games you want, receive the games in the mail, then ship them back for more (a Netflix for boardgames, if you will). &lt;/p&gt;

&lt;p&gt;My question is, has anyone tried this? It seems like an awesome idea but I could easily see how a) the games that are highly sought after are always out of stock, b) the games that are in stock have missing/damaged pieces, or c) if the service overall is even worth it.&lt;/p&gt;
&lt;/div&gt;&lt;!-- SC_ON --&gt;",True,False,[],False,boardgames,t5_2qmjp,r/boardgames,2176128,public,,self,,,Has anyone tried a boardgame rental service?,0,10,https://www.reddit.com/r/boardgames/comments/d9jwol/has_anyone_tried_a_boardgame_rental_service/,[],,False,all_ads,6
14,[],False,,,False,Alteffor,,,monopoly,"[{'e': 'text', 't': 'John Company'}]",3c32c966-18ab-11e7-ac1b-0ea4121a8698,John Company,dark,richtext,t2_4csx3,False,[],,,False,False,,False,,False,1569532398.0,1569503598.0,,,,,self.boardgames,0,False,0,{},False,False,d9jgzn,False,False,False,False,True,True,False,,,,[],,,dark,text,False,,{},False,,,,[],t3_d9jgzn,False,11,0,,False,all_ads,/r/boardgames/comments/d9jgzn/thursdays_at_war_september_26th_2019/,False,,,6,False,,,False,10,,{},"Spanning the gamut between Ameritrash and Euro, light and heavy, there are tons of war games out there. So if you are **Twilight Struggle**-ing through a **Time of Crisis** in your life and feel the need to say **Here I Stand**, a wargamer proud, here is your weekly topic.

What have you played this week? Any great plays or good stories? Any new acquisitions? What are you going to try and get to the table in the upcoming week?","&lt;!-- SC_OFF --&gt;&lt;div class=""md""&gt;&lt;p&gt;Spanning the gamut between Ameritrash and Euro, light and heavy, there are tons of war games out there. So if you are &lt;strong&gt;Twilight Struggle&lt;/strong&gt;-ing through a &lt;strong&gt;Time of Crisis&lt;/strong&gt; in your life and feel the need to say &lt;strong&gt;Here I Stand&lt;/strong&gt;, a wargamer proud, here is your weekly topic.&lt;/p&gt;

&lt;p&gt;What have you played this week? Any great plays or good stories? Any new acquisitions? What are you going to try and get to the table in the upcoming week?&lt;/p&gt;
&lt;/div&gt;&lt;!-- SC_ON --&gt;",True,False,[],False,boardgames,t5_2qmjp,r/boardgames,2176128,public,,self,,,"Thursdays at War - September 26th, 2019",0,10,https://www.reddit.com/r/boardgames/comments/d9jgzn/thursdays_at_war_september_26th_2019/,[],,False,all_ads,6
15,[],True,,,False,gaming37,,,,[],,,,text,t2_6djty,False,[],,,False,False,,False,,False,1569535295.0,1569506495.0,,,,,self.boardgames,0,False,0,{},False,False,d9k1fk,False,False,False,False,True,True,False,,,,[],,,dark,text,False,,{},False,,,,[],t3_d9k1fk,False,12,0,,False,all_ads,/r/boardgames/comments/d9k1fk/marvel_legendary/,False,self,"{'images': [{'source': {'url': 'https://external-preview.redd.it/je8KzON7CSqaczGJDUGhiPcgO92A3Enyv0Hbm6ZMw68.jpg?auto=webp&amp;s=ef23cbfa742b22e8a47bd0755b25c82d013cd85f', 'width': 445, 'height': 445}, 'resolutions': [{'url': 'https://external-preview.redd.it/je8KzON7CSqaczGJDUGhiPcgO92A3Enyv0Hbm6ZMw68.jpg?width=108&amp;crop=smart&amp;auto=webp&amp;s=9217308ab9bf2b75cac8f9cf4b5c8f016b521e81', 'width': 108, 'height': 108}, {'url': 'https://external-preview.redd.it/je8KzON7CSqaczGJDUGhiPcgO92A3Enyv0Hbm6ZMw68.jpg?width=216&amp;crop=smart&amp;auto=webp&amp;s=32bb416c4261a308ba69a2979bba97ec92ef423c', 'width': 216, 'height': 216}, {'url': 'https://external-preview.redd.it/je8KzON7CSqaczGJDUGhiPcgO92A3Enyv0Hbm6ZMw68.jpg?width=320&amp;crop=smart&amp;auto=webp&amp;s=c19483dc6ee3aff7e37028fb4aee021b32dd555d', 'width': 320, 'height': 320}], 'variants': {}, 'id': 'O2beEsKgKnmcUtKeZpvzkyOeSMMq5ZN-cWzpr_F6tOM'}], 'enabled': False}",6,False,,,False,10,,{},"I own Marvel Legendary, but was less than impressed the first few plays. But then I found a bgg thread about some campaigns/set-ups that players had developed that worked well together (either cooperative powers/or good theme) and it was a LOT more entertaining.
[BGG thread](https://boardgamegeek.com/thread/1601633/setups-new-players)

Do you guys have other set ups that you really enjoy, or have you found other ways to get good results without basically choosing cards at random?

Or if I were to get an expansion on the base game, will some of the problems go away? 

Thanks!","&lt;!-- SC_OFF --&gt;&lt;div class=""md""&gt;&lt;p&gt;I own Marvel Legendary, but was less than impressed the first few plays. But then I found a bgg thread about some campaigns/set-ups that players had developed that worked well together (either cooperative powers/or good theme) and it was a LOT more entertaining.
&lt;a href=""https://boardgamegeek.com/thread/1601633/setups-new-players""&gt;BGG thread&lt;/a&gt;&lt;/p&gt;

&lt;p&gt;Do you guys have other set ups that you really enjoy, or have you found other ways to get good results without basically choosing cards at random?&lt;/p&gt;

&lt;p&gt;Or if I were to get an expansion on the base game, will some of the problems go away? &lt;/p&gt;

&lt;p&gt;Thanks!&lt;/p&gt;
&lt;/div&gt;&lt;!-- SC_ON --&gt;",True,False,[],False,boardgames,t5_2qmjp,r/boardgames,2176128,public,,self,,,Marvel Legendary,0,10,https://www.reddit.com/r/boardgames/comments/d9k1fk/marvel_legendary/,[],,False,all_ads,6
16,[],True,,,False,mnamilt,,,,[],,,,text,t2_gtf6c,False,[],,,False,False,,False,,False,1569446952.0,1569418152.0,,,,,cephalofair.com,0,False,0,{},False,False,d93ato,False,False,False,False,True,False,False,,,,[],,,dark,text,False,,{},False,,,,[],t3_d93ato,False,104,0,,False,all_ads,/r/boardgames/comments/d93ato/gloomhaven_designer_blog_post_announcing_a_new/,False,link,"{'images': [{'source': {'url': 'https://external-preview.redd.it/Axmh4fNhUDW9dR6Fyy-YWlFrnw1ArJzjcwRJHGMsPD8.jpg?auto=webp&amp;s=23361cb08c1f24e7522d5148eaf720d9fcd2c341', 'width': 500, 'height': 300}, 'resolutions': [{'url': 'https://external-preview.redd.it/Axmh4fNhUDW9dR6Fyy-YWlFrnw1ArJzjcwRJHGMsPD8.jpg?width=108&amp;crop=smart&amp;auto=webp&amp;s=dd9c9805c5d1bd150b09f4b615edba70f29cad8b', 'width': 108, 'height': 64}, {'url': 'https://external-preview.redd.it/Axmh4fNhUDW9dR6Fyy-YWlFrnw1ArJzjcwRJHGMsPD8.jpg?width=216&amp;crop=smart&amp;auto=webp&amp;s=cdca28dd38faf7ff6a32f99d7c227c363aedcc15', 'width': 216, 'height': 129}, {'url': 'https://external-preview.redd.it/Axmh4fNhUDW9dR6Fyy-YWlFrnw1ArJzjcwRJHGMsPD8.jpg?width=320&amp;crop=smart&amp;auto=webp&amp;s=1b45cc52fc8da668a13af68501e5e40e259c0198', 'width': 320, 'height': 192}], 'variants': {}, 'id': 'VIUBf2bghsr9P60HVbocWrw-icmc01JsHwHBEC2eweM'}], 'enabled': False}",6,False,,,False,547,,{},,,True,False,[],False,boardgames,t5_2qmjp,r/boardgames,2176128,public,,https://b.thumbs.redditmedia.com/B8MlrAK4MQ9ZGQID-kkH0gosXe0IpDJBhoHUvcGNhGg.jpg,84.0,140.0,"Gloomhaven designer blog post, announcing a new Gloomhaven related side project to be revealed at SHUX, and the big box expansion for Gloomhaven to be announced this December",0,547,http://www.cephalofair.com/2019/09/tidings-of-what-is-to-come.html,[],,False,all_ads,6
17,[],False,,,False,introversionguy,,,,[],,,,text,t2_14fdgl,False,[],,,False,False,,False,,False,1569550642.0,1569521842.0,,,,,self.boardgames,0,False,0,{},False,False,d9nj6z,False,False,False,False,True,True,False,,,,[],,,dark,text,False,,{},False,,,,[],t3_d9nj6z,True,5,0,,False,all_ads,/r/boardgames/comments/d9nj6z/what_are_your_scores_for_lorenzo_without_expansion/,False,self,"{'images': [{'source': {'url': 'https://external-preview.redd.it/TMMXJf_WI3wPzvB_BdW0lFSki03OJx7SSjQUBsgT4XI.jpg?auto=webp&amp;s=bffd3b6ad9eed648076bfb3980d5d7ce42c046d5', 'width': 454, 'height': 630}, 'resolutions': [{'url': 'https://external-preview.redd.it/TMMXJf_WI3wPzvB_BdW0lFSki03OJx7SSjQUBsgT4XI.jpg?width=108&amp;crop=smart&amp;auto=webp&amp;s=33a50644c73bb6f4b0fa441fcd2c3eb31c3c046e', 'width': 108, 'height': 149}, {'url': 'https://external-preview.redd.it/TMMXJf_WI3wPzvB_BdW0lFSki03OJx7SSjQUBsgT4XI.jpg?width=216&amp;crop=smart&amp;auto=webp&amp;s=428746f5856a776015a78102801d4964e9c118a4', 'width': 216, 'height': 299}, {'url': 'https://external-preview.redd.it/TMMXJf_WI3wPzvB_BdW0lFSki03OJx7SSjQUBsgT4XI.jpg?width=320&amp;crop=smart&amp;auto=webp&amp;s=0c64a3ab9fc5fc8f7b64eb12eeeed261dc7c48d5', 'width': 320, 'height': 444}], 'variants': {}, 'id': 'O1QT_T22SiWSLu_eh2amjmkOrMbksULf3hyqE-XXb2I'}], 'enabled': False}",6,False,,,False,2,,{},I just got this game recently and was wondering what are your typical scores for [Lorenzo il Magnifico](https://boardgamegeek.com/boardgame/203993/lorenzo-il-magnifico) (without expansion)? Also state the player count because that seems to have a big impact on the scores.,"&lt;!-- SC_OFF --&gt;&lt;div class=""md""&gt;&lt;p&gt;I just got this game recently and was wondering what are your typical scores for &lt;a href=""https://boardgamegeek.com/boardgame/203993/lorenzo-il-magnifico""&gt;Lorenzo il Magnifico&lt;/a&gt; (without expansion)? Also state the player count because that seems to have a big impact on the scores.&lt;/p&gt;
&lt;/div&gt;&lt;!-- SC_ON --&gt;",True,False,[],False,boardgames,t5_2qmjp,r/boardgames,2176128,public,,self,,,What are your scores for Lorenzo (without expansion)?,0,2,https://www.reddit.com/r/boardgames/comments/d9nj6z/what_are_your_scores_for_lorenzo_without_expansion/,[],,False,all_ads,6
18,[],False,,,False,TPbumfart,,,,[],,,,text,t2_ld4b9,False,[],,,False,False,,False,,False,1569550396.0,1569521596.0,,,,,self.boardgames,0,False,0,{},False,False,d9nh86,False,False,False,False,True,True,False,,,,[],,,dark,text,False,,{},False,,,,[],t3_d9nh86,False,4,0,,False,all_ads,/r/boardgames/comments/d9nh86/for_people_who_own_blue_lagoon/,False,,,6,False,,,False,2,,{},"I just bought Blue Lagoon, and the rulebook is only in Finnish and Swedish. Was this boxed incorrectly, or am I missing something? The back of the box shows English, French, and Spanish.","&lt;!-- SC_OFF --&gt;&lt;div class=""md""&gt;&lt;p&gt;I just bought Blue Lagoon, and the rulebook is only in Finnish and Swedish. Was this boxed incorrectly, or am I missing something? The back of the box shows English, French, and Spanish.&lt;/p&gt;
&lt;/div&gt;&lt;!-- SC_ON --&gt;",True,False,[],False,boardgames,t5_2qmjp,r/boardgames,2176128,public,,self,,,For people who own Blue Lagoon,0,2,https://www.reddit.com/r/boardgames/comments/d9nh86/for_people_who_own_blue_lagoon/,[],,False,all_ads,6
19,[],True,,,False,RoadToInfamyGames,,,,[],,,,text,t2_z0b8u,False,[],,,False,False,,False,,False,1569563565.0,1569534765.0,,,,,self.boardgames,0,False,0,{},False,True,d9qlf3,False,False,False,False,True,True,False,,,,[],,,dark,text,False,,{},False,,,,[],t3_d9qlf3,True,11,0,,False,all_ads,/r/boardgames/comments/d9qlf3/what_is_a_more_random_game_ticket_to_ride_or_catan/,False,,,6,False,,,False,0,,{},"Iâ€™ve been debating with my friend. We canâ€™t come to a consensus. 

He believes Catan is less random because you can negotiate for the resource you need, the scoring shows a clear leader, and you can choose your own strategy.

I believe that TTR gives you a more steady income of resources (tickets), you have a larger amount of choices when choosing routes, and you can be flexible with your strategy when people taken the lines you need.

Please help us decide who is wrong.","&lt;!-- SC_OFF --&gt;&lt;div class=""md""&gt;&lt;p&gt;Iâ€™ve been debating with my friend. We canâ€™t come to a consensus. &lt;/p&gt;

&lt;p&gt;He believes Catan is less random because you can negotiate for the resource you need, the scoring shows a clear leader, and you can choose your own strategy.&lt;/p&gt;

&lt;p&gt;I believe that TTR gives you a more steady income of resources (tickets), you have a larger amount of choices when choosing routes, and you can be flexible with your strategy when people taken the lines you need.&lt;/p&gt;

&lt;p&gt;Please help us decide who is wrong.&lt;/p&gt;
&lt;/div&gt;&lt;!-- SC_ON --&gt;",True,False,[],False,boardgames,t5_2qmjp,r/boardgames,2176128,public,,self,,,What is a more random game Ticket to Ride or Catan.,0,0,https://www.reddit.com/r/boardgames/comments/d9qlf3/what_is_a_more_random_game_ticket_to_ride_or_catan/,[],,False,all_ads,6
20,[],False,,,False,XgsopX,,,custom,"[{'e': 'text', 't': 'Root'}]",ef809fb6-18ab-11e7-9e69-0e5a4f06ecbe,Root,dark,richtext,t2_mxbl0,False,[],,,False,False,,False,,False,1569562219.0,1569533419.0,,,,,self.boardgames,0,False,0,{},False,True,d9qa6u,False,False,False,False,True,True,False,,#edeff1,,"[{'e': 'text', 't': 'Question [ANSWERED]'}]",e9f90470-b792-11e8-b19d-0e341b525318,Question [ANSWERED],dark,richtext,False,,{},False,,,,[],t3_d9qa6u,True,2,0,,False,all_ads,/r/boardgames/comments/d9qa6u/wingspan_pink_power_question/,False,,,6,False,,,False,0,,{},"I played my first game of Wingspan yesterday, and the only question I had is do pink powers stack: Say I had two cards that let me once between turns take food from the feeder if someone elseâ€™s hunt succeeds. Do I get to take two food if someone elseâ€™s hunt succeeds, or can I take one food when someone elseâ€™s hunt succeeds, but do that twice between my turn?","&lt;!-- SC_OFF --&gt;&lt;div class=""md""&gt;&lt;p&gt;I played my first game of Wingspan yesterday, and the only question I had is do pink powers stack: Say I had two cards that let me once between turns take food from the feeder if someone elseâ€™s hunt succeeds. Do I get to take two food if someone elseâ€™s hunt succeeds, or can I take one food when someone elseâ€™s hunt succeeds, but do that twice between my turn?&lt;/p&gt;
&lt;/div&gt;&lt;!-- SC_ON --&gt;",True,False,[],False,boardgames,t5_2qmjp,r/boardgames,2176128,public,,self,,,Wingspan pink power question,0,0,https://www.reddit.com/r/boardgames/comments/d9qa6u/wingspan_pink_power_question/,[],,False,all_ads,6
21,[],False,,,False,HatKid42069,,,,[],,,,text,t2_3ueo2c4l,False,[],,,False,False,,False,,False,1569561506.0,1569532706.0,,,,,self.boardgames,0,1569532889.0,0,{},False,True,d9q41p,False,False,False,False,True,True,False,,#edeff1,,"[{'e': 'text', 't': 'Question'}]",ce696ba0-b792-11e8-9508-0ed1a4fbdca2,Question,dark,richtext,False,,{},False,,,,[],t3_d9q41p,True,2,0,,False,all_ads,/r/boardgames/comments/d9q41p/disney_villainous_oogie_boogie/,False,,,6,False,,,False,0,,{},OK i am trying to make a custom oogie boogie board for Disney villainous but i cant find a template cards/board for me to do it can you guys help me out so i can fulfill my dream of playing as oogie boogie.,"&lt;!-- SC_OFF --&gt;&lt;div class=""md""&gt;&lt;p&gt;OK i am trying to make a custom oogie boogie board for Disney villainous but i cant find a template cards/board for me to do it can you guys help me out so i can fulfill my dream of playing as oogie boogie.&lt;/p&gt;
&lt;/div&gt;&lt;!-- SC_ON --&gt;",True,False,[],False,boardgames,t5_2qmjp,r/boardgames,2176128,public,,self,,,Disney villainous oogie boogie,0,0,https://www.reddit.com/r/boardgames/comments/d9q41p/disney_villainous_oogie_boogie/,[],,False,all_ads,6
22,[],True,,,False,Duncan-Idunno,,,,[],,,,text,t2_n99rxu,False,[],,,False,False,,False,,False,1569514539.0,1569485739.0,,,,,self.boardgames,0,False,0,{},False,False,d9go8d,False,False,False,False,True,True,False,,,,[],,,dark,text,False,,{},False,,,,[],t3_d9go8d,True,7,0,,False,all_ads,/r/boardgames/comments/d9go8d/do_i_need_coup_to_play_coup_reformation/,False,,,6,False,,,False,11,,{},"I bought Coup Reformation but it appears to be an expansion on the original. From what I can see, everything we need to play is in the box? What am I missing?","&lt;!-- SC_OFF --&gt;&lt;div class=""md""&gt;&lt;p&gt;I bought Coup Reformation but it appears to be an expansion on the original. From what I can see, everything we need to play is in the box? What am I missing?&lt;/p&gt;
&lt;/div&gt;&lt;!-- SC_ON --&gt;",True,False,[],False,boardgames,t5_2qmjp,r/boardgames,2176128,public,,self,,,Do I need Coup to play Coup Reformation,0,11,https://www.reddit.com/r/boardgames/comments/d9go8d/do_i_need_coup_to_play_coup_reformation/,[],,False,all_ads,6
23,[],False,,,False,DrastikSarcastik,,,,[],,,,text,t2_3grg3ek0,False,[],,,False,False,,False,,False,1569527612.0,1569498812.0,,,,,self.boardgames,0,False,0,{},False,False,d9ikhu,False,False,False,False,True,True,False,,,,[],,,dark,text,False,,{},False,,,,[],t3_d9ikhu,True,10,0,,False,all_ads,/r/boardgames/comments/d9ikhu/i_need_help_with_game_of_throne_lcg/,False,,,6,False,,,False,4,,{},"Ok, I'm fairly new to the tabletop community.

Awhile ago I bought Game of Thrones LCG on sale. I haven't played it since I bought it because for the life of me I can't figure out or find the rules that say how to compile your personal deck.

I only have the base game, none of the extensions, how do I and my competitors go about building a deck to start playing?

I appreciate your advise!","&lt;!-- SC_OFF --&gt;&lt;div class=""md""&gt;&lt;p&gt;Ok, I&amp;#39;m fairly new to the tabletop community.&lt;/p&gt;

&lt;p&gt;Awhile ago I bought Game of Thrones LCG on sale. I haven&amp;#39;t played it since I bought it because for the life of me I can&amp;#39;t figure out or find the rules that say how to compile your personal deck.&lt;/p&gt;

&lt;p&gt;I only have the base game, none of the extensions, how do I and my competitors go about building a deck to start playing?&lt;/p&gt;

&lt;p&gt;I appreciate your advise!&lt;/p&gt;
&lt;/div&gt;&lt;!-- SC_ON --&gt;",True,False,[],False,boardgames,t5_2qmjp,r/boardgames,2176128,public,,self,,,I need help with Game of Throne LCG,0,4,https://www.reddit.com/r/boardgames/comments/d9ikhu/i_need_help_with_game_of_throne_lcg/,[],,False,all_ads,6
24,[],False,,,False,malaiser,,,,[],,,,text,t2_hnwz7,False,[],,,False,False,,False,,False,1569556388.0,1569527588.0,,,,,self.boardgames,0,False,0,{},False,False,d9ov23,False,False,False,False,True,True,False,,,,[],,,dark,text,False,,{},False,,,,[],t3_d9ov23,True,15,0,,False,all_ads,/r/boardgames/comments/d9ov23/tips_sites_for_finding_players_for_niche_games/,False,,,6,False,,,False,1,,{},"I go to board game meet-ups or play with a few friends pretty regularly, but I've got a few niche games that I'd like to play over and over again that I'm struggling to find an audience for. I picked up Pax Pamir 2e and would like to find a regular group for it, but I'm struggling with the how. Any ideas?","&lt;!-- SC_OFF --&gt;&lt;div class=""md""&gt;&lt;p&gt;I go to board game meet-ups or play with a few friends pretty regularly, but I&amp;#39;ve got a few niche games that I&amp;#39;d like to play over and over again that I&amp;#39;m struggling to find an audience for. I picked up Pax Pamir 2e and would like to find a regular group for it, but I&amp;#39;m struggling with the how. Any ideas?&lt;/p&gt;
&lt;/div&gt;&lt;!-- SC_ON --&gt;",True,False,[],False,boardgames,t5_2qmjp,r/boardgames,2176128,public,,self,,,Tips / sites for finding players for niche games?,0,1,https://www.reddit.com/r/boardgames/comments/d9ov23/tips_sites_for_finding_players_for_niche_games/,[],,False,all_ads,6
25,[],False,,,False,digital_wino,,,,[],,,,text,t2_ycqno,False,[],,,False,False,,False,,False,1569555722.0,1569526922.0,,,,,self.boardgames,0,False,0,{},False,False,d9oozo,False,False,False,False,True,True,False,,,,[],,,dark,text,False,,{},False,,,,[],t3_d9oozo,True,3,0,,False,all_ads,/r/boardgames/comments/d9oozo/looking_for_suggestions_of_how_to_store_the/,False,,,6,False,,,False,1,,{},"So doing a little bit of looking around online, it looks like if you buy Dominion and all of it's expansions, you're looking at roughly 4500 cards.  That's a lot of cards, lol.  I don't have all of the expansions yet, but would like to eventually get them all.  I plan on sleeving it all, and am trying to find a good way of storing it.  Right now it would seem like the best idea would just be a giant card box, and then have something between each card for dividers.  I was thinking would would be great would be if there were sleeves that were a little longer than normal, but not open all the way down to the bottom.  That way I could use the blue randomizer cards for this purpose (I just use an app to pick the cards used as it's much easier and quicker).  But I have never seen a card sleeve like that.  So I figured I would see what other people do and/or get some suggestions from people.","&lt;!-- SC_OFF --&gt;&lt;div class=""md""&gt;&lt;p&gt;So doing a little bit of looking around online, it looks like if you buy Dominion and all of it&amp;#39;s expansions, you&amp;#39;re looking at roughly 4500 cards.  That&amp;#39;s a lot of cards, lol.  I don&amp;#39;t have all of the expansions yet, but would like to eventually get them all.  I plan on sleeving it all, and am trying to find a good way of storing it.  Right now it would seem like the best idea would just be a giant card box, and then have something between each card for dividers.  I was thinking would would be great would be if there were sleeves that were a little longer than normal, but not open all the way down to the bottom.  That way I could use the blue randomizer cards for this purpose (I just use an app to pick the cards used as it&amp;#39;s much easier and quicker).  But I have never seen a card sleeve like that.  So I figured I would see what other people do and/or get some suggestions from people.&lt;/p&gt;
&lt;/div&gt;&lt;!-- SC_ON --&gt;",True,False,[],False,boardgames,t5_2qmjp,r/boardgames,2176128,public,,self,,,Looking for suggestions of how to store the complete Dominion collection.,0,1,https://www.reddit.com/r/boardgames/comments/d9oozo/looking_for_suggestions_of_how_to_store_the/,[],,False,all_ads,6
